stop_id,stop_lon,stop_lat
10,-78.93895,43.89754400000001
100,-78.961715,43.87593224
1000,-78.855412,43.87268331
1001,-78.856489,43.87529628
1002,-78.858799,43.875507
1003,-78.862502,43.874698
101,-78.96314599999998,43.878431
1014,-78.863301,43.87443
1015,-78.86054799999998,43.875032
1016,-78.857982,43.875586
1017,-78.85656,43.87507063000001
1018,-78.855636,43.87281378
1019,-78.854967,43.871258
102,-78.965224,43.879593
1020,-78.84718,43.87253
1023,-78.841181,43.872059
1024,-78.8386,43.870666
1025,-78.835431,43.86897900000001
1027,-78.82959099999998,43.863287
1029,-78.836721,43.861379
103,-78.966408,43.881326
1030,-78.83846,43.86425
1032,-78.84441,43.86300700000001
1033,-78.84781779532226,43.86144322995122
104,-78.9673866,43.8836627
1052,-78.899322,43.867405
1053,-78.8787787,43.8748675
1055,-78.864296,43.878406
1056,-78.860118,43.879381
1057,-78.856285,43.880241
1058,-78.853414,43.880885
1059,-78.8499396,43.8816337
106,-78.969264,43.888336
1066,-78.819826,43.888433
1067,-78.813063,43.889648
1068,-78.810582,43.88767
1069,-78.8095866,43.88659650000001
107,-78.97109399999998,43.89000200000001
1070,-78.806985,43.886499
1071,-78.80497908,43.88752003
108,-78.97463999999998,43.889791
1080,-78.820015,43.888469
1083,-78.83223599999998,43.885798
1084,-78.83441,43.885282
1088,-78.85046,43.881681
1089,-78.855267,43.880638
1090,-78.86027799999998,43.8794327
1091,-78.864334,43.878553
1096,-78.845479,43.874477
1097,-78.84909,43.8764
11,-78.939531,43.898916
110,-78.965943,43.894933
1101,-78.807633,43.878222
1118,-78.83069399999998,43.884732
1119,-78.829233,43.881319
1120,-78.8286811,43.8799536
1132,-78.869767,43.887357
1133,-78.81421,43.90656
1134,-78.818826,43.906087
1135,-78.821771,43.905816
1136,-78.827635,43.90592800000001
1137,-78.829896,43.90541000000001
1138,-78.834293,43.905084
1139,-78.835475,43.907681
114,-78.966829,43.896118
1140,-78.836021,43.908962
1141,-78.837306,43.91195900000001
1142,-78.839598,43.917231
1143,-78.84678599999998,43.933475
1144,-78.847728,43.935668
1145,-78.83798,43.91292
1146,-78.836235,43.90900100000001
1147,-78.835614,43.907603
1148,-78.83438599999998,43.904711
1149,-78.833634,43.90330500000001
115,-78.969667,43.898544
1150,-78.83266999999998,43.901176
1151,-78.831854,43.899357
1152,-78.830782,43.896955
1153,-78.830938,43.89775
1154,-78.831838,43.899752
1155,-78.833706,43.90378813
1156,-78.835009,43.90424800000001
1157,-78.837534,43.90426723
1158,-78.84238999999998,43.90453
1159,-78.844005,43.904135
116,-78.970374,43.900852
1160,-78.847111,43.90335675
1161,-78.84988199999998,43.902664
1162,-78.85265699999998,43.901254
1163,-78.855176,43.900548
1164,-78.86069,43.899252
1165,-78.8638232,43.89857640000001
1166,-78.86599339999998,43.8980427
1167,-78.8700233,43.8971812
1169,-78.87463099999998,43.896215
117,-78.9716001,43.9031059
1171,-78.878156,43.895268
1172,-78.884232,43.89388328
1173,-78.888154,43.892156
1174,-78.894721,43.89066900000001
1175,-78.8920772,43.8910876
1176,-78.88811099999998,43.891958
1177,-78.88199,43.89334800000001
1178,-78.8787275,43.89406180000001
118,-78.973335,43.907044
1181,-78.872558,43.895479
1183,-78.868644,43.896359
1185,-78.860061,43.898339
1186,-78.856595,43.899141
1187,-78.853177,43.89992500000001
1188,-78.848573,43.901002
1189,-78.846174,43.901543
119,-78.9766051,43.9105664
1190,-78.843385,43.902215
1192,-78.839804,43.903023
1193,-78.837145,43.90361
1194,-78.834637,43.904153
1195,-78.828657,43.905525
1196,-78.82687,43.905856
1197,-78.823016,43.90560521
1198,-78.820278,43.905817
1199,-78.816804,43.90612500000001
12,-78.940766,43.901464
1200,-78.813775,43.906406
1217,-78.778936,43.914105
1218,-78.779235,43.911594
1219,-78.788115,43.911048
1220,-78.79601,43.909174
1221,-78.797674,43.908585
1222,-78.803571,43.90764200000001
1223,-78.807587,43.907163
1224,-78.808273,43.906907
1225,-78.803827,43.907393
1226,-78.777544,43.910864
1227,-78.778369,43.909137
1228,-78.779807,43.907937
1229,-78.780964,43.90579242
1230,-78.781861,43.904046
1231,-78.784876,43.903403
1232,-78.785437,43.90456300000001
1233,-78.78781669999998,43.9059139
1234,-78.790682,43.90300993000001
1242,-78.863176,43.89762300000001
1244,-78.797456,43.908429
1245,-78.787906,43.910829
125,-78.96736199999998,43.912852
1252,-78.821096,43.896941
1255,-78.82724399999998,43.89598841
1257,-78.83126799999998,43.89510700000001
1258,-78.834343,43.894441
1259,-78.836928,43.89386600000001
1260,-78.839031,43.893383
1261,-78.841487,43.892828
1262,-78.842817,43.892535
1263,-78.846057,43.891779
1264,-78.849481,43.890989
1265,-78.851768,43.89046
1266,-78.855284,43.889641
127,-78.966002,43.909537
1276,-78.87118169999998,43.8881292
1277,-78.874471,43.887291
1278,-78.87697,43.88680200000001
1280,-78.880912,43.88595200000001
1281,-78.884574,43.885118
1282,-78.887244,43.884493
1283,-78.88744699999998,43.884355
1284,-78.884308,43.885076
1285,-78.88051299999998,43.885932
1286,-78.87870599999998,43.88625932
1287,-78.876312,43.886764
1288,-78.874165,43.887267
1289,-78.87204699999998,43.88775900000001
129,-78.964539,43.905578
1297,-78.855367,43.889552
1298,-78.852093,43.890302
1299,-78.848202,43.891187
13,-78.941556,43.903334
1300,-78.842598,43.89248
1301,-78.841125,43.892801
1302,-78.839043,43.893281
1303,-78.836642,43.89384600000001
1304,-78.834306,43.894358
1305,-78.831355,43.89498
1306,-78.829032,43.895449
1307,-78.827236,43.89581297
1308,-78.824685,43.89644
1309,-78.821788,43.896856
1339,-78.798484,43.891145
1353,-78.873907,43.928625
1354,-78.87249799999998,43.931137
1355,-78.87221,43.93247800000001
1356,-78.872776,43.93385593
1359,-78.873767,43.895694
1360,-78.87290299999998,43.893793
1361,-78.872083,43.891968
1362,-78.869855,43.88699031
1363,-78.8719904,43.8922679
1364,-78.873147,43.8946786
1371,-78.869207,43.929548
1372,-78.872625,43.926963
138,-78.966575,43.881419
139,-78.96569599999998,43.879842
1392,-78.593264,43.921392
1395,-78.62001,43.98281
1396,-78.617544,43.977406
14,-78.942227,43.904811
140,-78.963114,43.878277
1408,-78.588888,43.917763
141,-78.962215,43.876649
1410,-78.593093,43.921133
1411,-78.591266,43.916949
1412,-78.590838,43.91693200000001
1413,-78.59710699999998,43.915658
1414,-78.597667,43.915331
1415,-78.60070899999998,43.914759
1416,-78.60155,43.914433
1430,-78.680784,43.910554
1431,-78.68621,43.911481
1432,-78.688526,43.91215300000001
1433,-78.695055,43.912962
1436,-78.71688,43.909692
1452,-78.694976,43.912771
1454,-78.687321,43.911662
1455,-78.684811,43.911026
1456,-78.680907,43.91041
1476,-78.697139,43.924876
1477,-78.695321,43.920873
1478,-78.69368299999998,43.916997
1479,-78.691688,43.913909
1480,-78.688545,43.913138
1494,-78.67758996,43.90430979
1498,-78.675014,43.911329
1499,-78.678921,43.908346
15,-78.943865,43.908512
1504,-78.70716,43.908456
151,-78.943946,43.870396
1519,-79.145977,43.825165
152,-78.940651,43.871125
1547,-79.132569,43.825601
1548,-79.130377,43.826216
1574,-79.126176,43.827652
1575,-79.124103,43.828696
1586,-79.121337,43.829426
1587,-78.995249,43.868228
1588,-79.00077,43.86702
1590,-79.0125542,43.8643554
1591,-79.0168413,43.8634084
1593,-79.022563,43.862111
1594,-79.0267418,43.8611712
1595,-79.031718,43.859995
1596,-79.035043,43.859254
1597,-79.03932,43.85832
1598,-79.043041,43.85744
1599,-79.047905,43.856298
16,-78.944674,43.91038600000001
1600,-79.05529,43.85465700000001
1601,-79.060678,43.853329
1602,-79.064752,43.852381
1603,-79.0710031,43.8501483
1604,-79.07452499999998,43.84772
1607,-79.083084,43.84172800000001
1608,-79.08748,43.83815
1609,-79.09104,43.83548
1610,-79.09672757,43.83097019
1611,-79.098675,43.82906
1612,-79.106421,43.823716
1613,-79.111949,43.821703
1615,-79.118076,43.817215
1616,-79.123324,43.81332
1617,-79.129028,43.809718
1645,-79.105278,43.82025
166,-78.937411,43.86900700000001
1663,-79.104211,43.817692
167,-78.93832,43.87108400000001
1674,-79.104031,43.817582
168,-78.938948,43.872514
1685,-79.103099,43.813826
1687,-79.10671499999998,43.813024
1689,-79.105446,43.821218
169,-78.93940499999998,43.873574
16901,-79.102195,43.822764
1693,-79.092836,43.827085
1694,-79.08666599999998,43.828787
1695,-79.08495872,43.82915733
17,-78.946197,43.91380800000001
170,-78.9408107746133,43.87664417732835
1701,-79.075833,43.824092
1703,-79.072432,43.819293
1706,-79.06519369171588,43.8143165023665
1707,-79.06028999999998,43.815436
1709,-79.05741,43.819181
171,-78.94210099999998,43.879703
1711,-79.05191499999998,43.821982
1712,-79.053029,43.824595
1713,-79.054705,43.827022
1714,-79.05666669999998,43.8266135
1715,-79.060627,43.825697
1716,-79.063235,43.825146
1719,-79.065535,43.82876000000001
172,-78.943093,43.882531
1724,-79.07411399999998,43.848587
1729,-79.08913099999998,43.833073
173,-78.943797,43.884079
1730,-79.090151,43.835391
1731,-79.09107,43.837643
1732,-79.091944,43.83937800000001
1733,-79.092623,43.840787
1734,-79.093507,43.842877
174,-78.944286,43.88521
1741,-79.089382,43.832976
1742,-79.115943,43.818764
1743,-79.116675,43.821974
1745,-79.11869299999998,43.826169
1746,-79.120021,43.82930600000001
1747,-79.121756,43.833399
1748,-79.123093,43.836551
1749,-79.12405,43.838667
175,-78.94474599999998,43.886266
1751,-79.126966,43.84406700000001
1753,-79.124218,43.83854
1754,-79.123353,43.83660900000001
1755,-79.122213,43.83396548000001
1756,-79.120489,43.829869
1757,-79.118976,43.826304
1759,-79.116696,43.821446
176,-78.94666,43.89055
1760,-79.077511,43.83072700000001
1761,-79.07395099999998,43.83155
1762,-79.070556,43.832321
1763,-79.06841759,43.83279628
1764,-79.064971,43.833567
1765,-79.0656863,43.8336033
1766,-79.068809,43.832884
1767,-79.0705011,43.8324969
1768,-79.074425,43.83159
1769,-79.077296,43.830956
177,-78.94736,43.89226
1770,-79.08112199999998,43.830141
1771,-79.08286699999998,43.82978700000001
1772,-79.092178,43.82763700000001
1776,-79.129988,43.80911600000001
1777,-79.123765,43.812717
1778,-79.11821999999998,43.816824
1779,-79.114699,43.819366
1780,-79.110401,43.82242200000001
1781,-79.1066,43.823526
1782,-79.098733,43.828459
1783,-79.096536,43.830837
1786,-79.08637299999998,43.838707
1787,-79.081877,43.842456
1789,-79.0734468,43.84806
179,-78.9483474,43.8946592
1790,-79.0700786,43.8504078
1792,-79.085486,43.847733
18,-78.947352,43.91657707
180,-78.949308,43.896874
181,-78.950988,43.900152
182,-78.95233,43.903112
183,-78.953906,43.90666800000001
1832,-79.08241599999998,43.82171000000001
184,-78.954721,43.908529
1842,-79.0848981,43.8230252
1846,-79.076493,43.852804
1847,-79.077417,43.854784
1849,-79.08041799999998,43.858563
185,-78.956318,43.91229400000001
1852,-79.0856358,43.8607027
1854,-79.089584,43.860264
1855,-79.088725,43.85834100000001
186,-78.957317,43.91494265
1861,-79.07651799999998,43.85219
1866,-79.089437,43.846859
187,-78.958405,43.91826600000001
18721,-79.10971135653655,43.84232084910814
18731,-79.11427994082172,43.84132877809322
188,-78.960088,43.922073
1887,-79.114864,43.841082
18881,-79.11170584585518,43.84172743428303
189,-78.961574,43.92549000000001
18901,-79.105023,43.843166
1894,-79.0900957,43.84660860000001
190,-78.961073,43.935355
191,-78.96117,43.935439
1915,-79.084563,43.83744
192,-78.962027,43.925998
1920,-79.093254,43.838509
1921,-79.095309,43.83803000000001
1922,-79.09910499999998,43.83683700000001
1923,-79.1013673,43.8364337
193,-78.96051,43.922437
1933,-79.099024,43.836731
1934,-79.096622,43.83762
1935,-79.09366799999998,43.838287
1936,-79.0881538,43.8390289
1947,-79.065168,43.843901
1949,-79.0698917,43.8436022
195,-78.958862,43.918627
196,-78.95792659999998,43.9161151
1960,-79.078013,43.836906
1961,-79.072916,43.839791
1962,-79.073371,43.8413
1963,-79.073721,43.84296100000001
1964,-79.070464,43.843629
1965,-79.0678524,43.8431731
1966,-79.065034,43.84381900000001
197,-78.957001,43.913297
198,-78.955175,43.909126
1986,-79.085622,43.824687
199,-78.954297,43.907209
200,-78.952735,43.903602
2002,-79.084806,43.823093
2003,-79.085611,43.824917
2004,-79.05785441,43.83507642
201,-78.951449,43.900605
20151,-79.022832,43.821244
20161,-79.01975093,43.8190999
202,-78.950113,43.897776
20221,-79.034075,43.823774
20231,-79.032934,43.826225
2026,-79.012911,43.83100300000001
2029,-79.003947,43.830365
203,-78.94865,43.89499
2030,-79.00503,43.829063
2031,-79.0073526,43.827273
2039,-78.990826,43.832912
204,-78.94755,43.89251
2041,-78.985365,43.832005
2046,-78.9859383,43.8348382
2050,-78.987718,43.848091
20521,-79.02482652,43.8419315
20531,-79.023794,43.839545
20541,-79.022383,43.83624600000001
20551,-79.021721,43.834733
2058,-79.01322,43.82619600000001
206,-78.9467193,43.8904162
2065,-79.013822,43.82833209000001
2066,-79.014268,43.83001
2067,-79.01477,43.83263
2068,-79.014843,43.836126
2069,-79.01542,43.837528
207,-78.945274,43.886977
2070,-79.017956,43.839992
2072,-79.018082,43.843789
2073,-79.019272,43.846645
2074,-79.02055799999998,43.84973200000001
2076,-79.020696,43.849235
2078,-79.018636,43.844243
2079,-79.018227,43.839809
208,-78.944315,43.884855
2080,-79.015332,43.83667100000001
2081,-79.015122,43.83498800000001
2082,-79.01500299999998,43.83234800000001
2083,-79.014812,43.831109
2088,-78.99327,43.83037
209,-78.943838,43.883763
2092,-79.0021836,43.8317563
2093,-79.00351499999998,43.83484
2094,-79.0042527,43.8365894
2095,-79.006067,43.841101
2096,-79.006018,43.84355324
2097,-79.00557499999998,43.84503584
210,-78.94316,43.882233
211,-78.942282,43.87995200000001
212,-78.941093,43.876878
213,-78.940579,43.87582900000001
2136,-79.02769499999998,43.881794
2137,-79.028774,43.88408900000001
2138,-79.032422,43.885292
2139,-79.0372909,43.8880633
214,-78.939683,43.873776
2141,-79.03234399999998,43.88507983
2142,-79.030202,43.884808
2143,-79.028197,43.88232766
2144,-79.0273906,43.8802553
2145,-79.026265,43.877704
2146,-79.024716,43.874193
2147,-79.024269,43.87033000000001
2148,-79.02528,43.867723
2149,-79.026404,43.86438600000001
215,-78.93923599999998,43.872757
2151,-79.02633899999998,43.861847
2152,-79.02495999999998,43.858871
2153,-79.024118,43.857094
2154,-79.023336,43.855292
2155,-79.02292199999998,43.854752
2156,-79.023745,43.856625
2157,-79.024518,43.858455
2158,-79.02605,43.861921
2159,-79.026117,43.863997
216,-78.938597,43.871232
2160,-79.025183,43.867257
2161,-79.024135,43.869841
2162,-79.02424999999998,43.873823
2163,-79.025754,43.877314
2164,-79.02673,43.87954400000001
2168,-79.04696,43.87530000000001
2169,-79.04190199999998,43.876463
217,-78.9376805,43.8691799
2171,-79.019467,43.881463
2172,-79.011115,43.883402
2173,-79.007262,43.884305
2174,-79.004013,43.885035
2175,-78.993144,43.887478
2176,-78.993369,43.887606
2177,-79.003906,43.885183
2178,-79.007121,43.884465
2179,-79.01085999999998,43.883554
2182,-79.049211,43.864849
2183,-79.050094,43.866904
2184,-79.051332,43.869752
2185,-79.052373,43.872168
2204,-79.061829,43.868838
2205,-79.061098,43.86716
2206,-79.059791,43.86411300000001
2207,-79.05909,43.86250900000001
2208,-79.057714,43.85935
2209,-79.05582,43.854942
2218,-79.00946,43.8648288
2220,-79.00020499999998,43.866897
2221,-78.996374,43.867763
2233,-79.060413,43.85324
2234,-79.056628,43.85417000000001
2235,-79.048411,43.85603900000001
2236,-79.0409645,43.8576991
2238,-79.035728,43.858841
2240,-79.028621,43.860433
2241,-79.025056,43.861263
2242,-79.021604,43.862037
2244,-79.020109,43.881479
2246,-79.04816599999998,43.88795600000001
2247,-79.047031,43.88526
2248,-79.045538,43.881817
2249,-79.04483999999998,43.880069
225,-78.922613,43.884831
2250,-79.043719,43.877313
2252,-79.0432136,43.87696840000001
2253,-79.044516,43.879701
2254,-79.045439,43.881886
2256,-79.047648,43.88721000000001
2257,-79.048786,43.88983600000001
2258,-79.042872,43.87519152
2259,-79.041717,43.872596
226,-78.923509,43.886903
2260,-79.04054189999998,43.8698042
2261,-79.039272,43.866866
2262,-79.039095,43.86482
2263,-79.0398311,43.8632403
2264,-79.041014,43.860608
2265,-79.041983,43.857804
2266,-79.041345,43.854027
2268,-79.03957,43.846828
2269,-79.03655988,43.8434567
227,-78.925314,43.890994
2270,-79.035459,43.84046
2276,-79.016374,43.83075500000001
22771,-79.032781,43.831821
228,-78.925967,43.892564
2280,-79.0353224,43.8412546
2281,-79.036025,43.843068
2282,-79.041066,43.853799
2283,-79.04155679,43.85724787
2285,-79.040329,43.861546
2286,-79.038754,43.866181
2287,-79.040561,43.87030193
2288,-79.04188859999998,43.8737626
2298,-79.086894,43.827964
2299,-79.04730836,43.83746702
2300,-79.03458,43.840287
2301,-79.030872,43.841093
2302,-79.02756599999998,43.841851
2303,-79.025254,43.8423437
2304,-79.02351899999998,43.842726
2305,-79.02102331,43.84332238201808
2307,-79.012218,43.845278
2308,-79.009096,43.846033
2309,-79.006585,43.846502
2310,-78.99917499999998,43.848164
2311,-78.99802099999998,43.84862720000001
2312,-79.00124,43.847892
2313,-79.007018,43.846629
2314,-79.009124,43.846159
2315,-79.01148499999998,43.845625
2316,-79.017732,43.844242
2317,-79.020186,43.843703
2318,-79.021975,43.843281
2319,-79.024703,43.842681
2320,-79.0278284,43.8419865
2321,-79.030484,43.84141000000001
2322,-79.035039,43.840417
2323,-79.05759999999998,43.83537
2324,-79.04777984,43.83755071
2326,-79.02333478682516,43.84675350879057
2327,-79.02690291552851,43.84595730169229
2328,-79.030842,43.848622
2329,-79.034274,43.847858
2330,-79.038432,43.84696000000001
2331,-79.0381401,43.8469093
2332,-79.034135,43.847784
2333,-79.0293951,43.8488203
2334,-79.02610039803324,43.84603008614774
2335,-79.0209055885104,43.84718321812876
2351,-79.024869,43.850729
2352,-79.021846,43.85141200000001
2398,-79.038914,43.896029
2399,-79.034803,43.896906
2400,-79.0312632,43.897731
2401,-79.0245374,43.8993868
2402,-79.017127,43.901133
2403,-79.011461,43.902546
2404,-79.011878,43.90267
2405,-79.01660699999998,43.9015153
2406,-79.0315523,43.8979268
2407,-79.0342846,43.8972765
2416,-79.1330801,44.087782
2417,-79.131489,44.089648
2418,-79.132073,44.09199000000001
2419,-79.12808,44.097727
2420,-79.125598,44.101583
2421,-79.123332,44.106913
2422,-79.122461,44.109303
2424,-79.122648,44.10911
2425,-79.124135,44.105762
2426,-79.124941,44.104382
2427,-79.125703,44.102555
2428,-79.113612,44.104907
2429,-79.111752,44.104684
2430,-79.109229,44.104464
2431,-79.108006,44.104497
2433,-79.115832,44.106913
2434,-79.117222,44.109968
2436,-79.128533,44.09739900000001
2437,-79.12506,44.10394500000001
2438,-79.123036,44.107718
2441,-79.11723499999998,44.10972000000001
2442,-79.116345,44.107774
2443,-79.12032499999998,44.109472
2446,-78.985241,44.104969
2447,-78.98500799999998,44.105095
2448,-78.978346,44.106497
2449,-78.977997,44.106635
245,-78.937106,43.917513
2450,-78.961905,44.110073
2451,-78.961945,44.110199
2452,-78.957515,44.11102600000001
2453,-78.951756,44.1122
2454,-78.951684,44.112316
2455,-78.957656,44.111107
2456,-78.91001199999998,43.979501
2457,-78.911266,43.982318
2458,-78.911351,43.982203
2459,-78.910124,43.979472
246,-78.936222,43.915405
2462,-78.925672,44.017775
2463,-78.924563,44.024868
2464,-78.92478199999998,44.024706
2465,-78.925944,44.018378
2473,-78.95354168,44.08405984
2475,-78.955184,44.089871
2476,-78.955344,44.090628
2478,-78.953711,44.083946
2491,-78.938356,44.10227900000001
2500,-78.950117,44.110346
2501,-78.94889,44.107337
2503,-78.945102,44.099916
2505,-78.950789,44.09877
2506,-78.955178,44.097862
2509,-78.955305,44.09774800000001
2510,-78.951258,44.098585
2512,-78.944804,44.099892
2514,-78.948792,44.107457
2515,-78.95,44.110223
2516,-78.95578399999998,44.096969
2517,-78.955567,44.093814
2549,-79.084237,43.831147
255,-78.927052,43.89454
256,-78.926119,43.892471
2569,-79.041346,43.847679
257,-78.925223,43.890386
2574,-79.039484,43.846447
2576,-78.93794,43.865496
258,-78.923657,43.886829
2585,-78.886365,43.87066200000001
259,-78.9229176,43.8851472
2595,-78.877279,43.88916900000001
260,-78.93573499999998,43.867601
2603,-78.86528199999998,43.89714
2604,-78.8622203,43.89014370000001
261,-78.93228,43.867911
262,-78.900295,43.86729177
265,-78.88778,43.86166688
266,-78.89276099999998,43.860563
267,-78.897536,43.859508
268,-78.899876,43.859031
269,-78.902289,43.86266
270,-78.903392,43.865547
2704,-78.987629,43.908291
2705,-78.986958,43.908217
2707,-78.980509,43.910014
2708,-79.0239972,43.89974380000001
2709,-78.846976,43.882318
2712,-78.895601,43.947746
2713,-78.944325,43.91836021000001
2718,-79.001192,43.847742
272,-78.908542,43.877058
2720,-79.056518,43.85655100000001
2729,-79.042882,43.895089
2730,-79.0431068,43.8952726
2733,-78.94143037,44.09167138
2734,-78.942667,44.09453
2735,-78.947175,44.094332
2739,-78.95111799999998,44.08454
274,-78.910842,43.88211600000001
2740,-78.9509,44.085418
2741,-78.948845,44.09017
2743,-78.947064,44.094297
2744,-78.94307499999998,44.094828
2745,-78.94179818,44.09201925
2749,-78.950491,44.111357
275,-78.911801,43.884288
276,-78.912944,43.88712300000001
277,-78.91350799999998,43.88843361
278,-78.914804,43.89153000000001
279,-78.915756,43.893721
28,-78.941649,43.902996
281,-78.918233,43.899509
283,-78.92006499999998,43.903729
29,-78.940938,43.901353
290,-78.925599,43.916314
292,-78.9267847,43.919129
293,-78.917972,43.92320500000001
294,-78.917227,43.921498
295,-78.91538799999998,43.917352
296,-78.914092,43.914403
297,-78.9130924,43.9121379
298,-78.912156,43.910044
30,-78.93967,43.898752
300,-78.910619,43.905952
3001,-79.144548,43.820346
3004,-79.140253,43.820443
3014,-79.046606,43.86326600000001
302,-78.90922,43.90280914
303,-78.907942,43.899855
3038,-79.026786,43.88831017
3039,-79.026599,43.888491
304,-78.906976,43.89760603
3041,-79.021938,43.88440700000001
3042,-79.019056,43.88210500000001
3043,-79.018414,43.881461
3044,-79.026951,43.893784
3045,-79.026201,43.894659
3048,-79.005762,43.846466
3049,-79.006791,43.849311
3052,-79.007221,43.849663
3053,-79.00620876374902,43.84686809732681
3054,-79.00602185445216,43.84421074545585
3055,-79.00649,43.842824
3056,-79.006118,43.840676
3057,-79.004638,43.837128
3058,-79.003576,43.834673
3059,-79.00228199999998,43.831646
3060,-78.9927232,43.8495633
3061,-78.989176,43.850332
3062,-78.987917,43.848222
3063,-78.986321,43.84292
3064,-78.986706,43.836116
3066,-78.985326,43.832312
3067,-78.991383,43.83294
3068,-78.99938,43.828856
30741,-79.032817,43.828777
30751,-79.033125,43.826381
30761,-79.034343,43.823696
30801,-79.022861,43.821367
3083,-79.014208,43.828548
3085,-79.00769,43.8271
3086,-79.00429099999998,43.829813
3089,-79.014244,43.83109300000001
309,-78.91623869999998,43.8948175
30961,-79.022498,43.836801
30971,-79.02412,43.84052
31,-78.938877,43.896968
310,-78.915889,43.893474
3105,-78.950286,43.858814
3106,-78.92341399999998,43.911379
3107,-78.924456,43.913835
3109,-78.84632,43.883063
311,-78.915149,43.89187877
3110,-78.844802,43.87956
3113,-78.82801,43.87933000000001
3114,-78.82968003226307,43.88279606653353
3115,-78.8557913,43.9039406
3116,-78.855635,43.904205
3117,-78.854433,43.901042
3118,-78.854417,43.901499
312,-78.91385,43.88874243
3123,-78.847296,43.909548
3125,-78.84907667343516,43.91355036312938
3126,-78.848778,43.913236
3127,-78.896619,43.956275
3128,-78.893451,43.955878
313,-78.913195,43.88721867000001
3132,-78.857426,43.95665300000001
3133,-78.846023,43.95607300000001
3134,-78.843457,43.95001100000001
3135,-78.843025,43.949878
3136,-78.845803,43.955852
3137,-78.856803,43.956986
314,-78.912122,43.884433
3141,-78.6998376,43.89572350000001
3143,-78.7064451,43.9026426
3144,-78.7032401,43.9051647
3145,-78.706956,43.897686
3149,-78.681484,43.91361100000001
315,-78.911373,43.882767
3150,-78.683319,43.917844
3151,-78.678888,43.91926500000001
3154,-78.685434,43.93118
3155,-78.6893809,43.93182190000001
316,-78.909859,43.879377
3161,-78.673813,43.921138
3163,-78.712264,43.909994
3165,-78.711662,43.90821300000001
3167,-78.699429,43.904744
317,-78.908946,43.87764539
3170,-78.702278,43.895232
3172,-78.710404,43.905223
3173,-78.688411,43.930322
3178,-78.854111,43.925753
3179,-78.854372,43.926015
318,-78.902447,43.86262
319,-78.899945,43.858818
320,-78.897457,43.859341
321,-78.9078341,43.8723866
322,-78.91304599999998,43.870879
3224,-79.115221,44.10559400000001
3227,-78.866981,43.889102
3228,-78.8683,43.88873
3229,-79.055896,43.855437
323,-78.915887,43.870194
3231,-79.014381,43.830787
3249,-78.675239,43.924495
3250,-78.676991,43.928385
3251,-78.682305,43.93205600000001
3253,-79.012367,43.82622
326,-78.9237719,43.8689872
3262,-78.83800599999998,43.887869
3263,-78.841289,43.888306
3265,-79.009521,43.85314000000001
3266,-79.00961840932924,43.85275219675408
3269,-78.866844,43.930147
327,-78.9286565,43.8682969
3270,-78.867734,43.93206
3271,-78.868826,43.934727
3277,-78.676347,43.901872
3279,-78.674384,43.909304
328,-78.931766,43.868088
329,-78.934571,43.868016
3294,-79.03796199999998,43.87746400000001
3295,-79.038698,43.877187
3296,-79.058372,43.87213100000001
330,-78.929162,43.86800980000001
3300,-78.965222,44.094684
3302,-79.0334,43.878356
3314,-79.0275635,43.8796476
3315,-79.026765,43.880023
332,-78.924038,43.868802
3322,-79.0418045,43.8568676
3339,-78.94730861,44.10364003
334,-78.91860699999998,43.86960100000001
3340,-78.94709667801564,44.10351827820833
3341,-78.852739,43.9226613
3342,-78.85286499999998,43.922588
3343,-78.8556,43.929131
3344,-78.855818,43.92931
3345,-78.6952935,43.8967609
3346,-78.711744,43.9087386
3347,-78.7090942,43.9129222
335,-78.9128184418275,43.87071339196998
3366,-78.905928,43.95470000000001
3367,-79.077861,43.85522000000001
3368,-79.085714,43.874489
337,-78.905592,43.872706
339,-78.900059,43.871161
340,-78.889539,43.873198
3409,-78.92400139999998,43.9143679
3410,-78.922324,43.908294
3411,-78.920688,43.904494
3413,-78.9184387,43.8994523
3415,-78.91639499999998,43.894635
3416,-78.903084,43.88915200000001
3417,-78.903248,43.88901400000001
3419,-78.90464,43.89232
342,-78.905268,43.87293600000001
3420,-78.91904,43.91571
3421,-78.92186,43.91489
3422,-78.90185,43.9557
3423,-78.90163,43.9555
343,-78.8990682,43.88010220000001
3430,-79.06307049999998,43.8709498
3431,-79.068303,43.870787
3432,-79.068386,43.870936
3433,-79.072756,43.870129
3434,-79.073729,43.869703
3435,-79.079724,43.868324
344,-78.8998565,43.8818189
345,-78.9014091,43.88518710000001
346,-78.904566,43.892441
348,-78.906543,43.896954
349,-78.907678,43.899542
350,-78.908666,43.901785
3510,-79.079043,43.868662
3516,-79.143877,43.83375
3517,-78.854544,43.951841
3518,-78.854888,43.951249
352,-78.910552,43.906128
353,-78.911592,43.909057
3531,-78.87242871207518,43.93451980299271
3532,-78.87324,43.93408
3533,-78.87956,43.93288
3534,-78.87799,43.93301000000001
3535,-78.89864596744778,43.95638712467473
3537,-78.89646999999998,43.95653
354,-78.912559,43.91124
3541,-78.891015,43.949
3542,-78.896877,43.94919
3543,-78.9725,43.96223
3544,-78.97506,43.96165
3545,-78.96784,43.9624
3548,-78.95911,43.9668
3549,-78.9624,43.95347000000001
355,-78.913659,43.913729
3550,-79.06323,43.87116000000001
3553,-78.77812,43.91268
3554,-78.98729,43.84519
3555,-78.98701,43.84498
3556,-78.8997537673666,43.95564229526925
3557,-78.89949,43.95583
356,-78.914815,43.916354
3560,-79.07553726765236,43.85045080317794
3562,-78.832953,43.87795
3563,-78.837602,43.876669
3564,-78.838196,43.876379
3565,-78.84196799999998,43.875698
3566,-78.841977,43.87551
3567,-78.853061,43.878204
3569,-78.849958,43.876637
3570,-78.84462499999998,43.873879
3572,-79.092628,43.878735
3573,-79.09144999999998,43.874998
3579,-78.9057703,43.9545412
3580,-78.9106833,43.9537361
3584,-78.94381,43.8587
3585,-78.94298,43.85673
3586,-78.868142,43.882051
3587,-78.868386,43.881571
3588,-78.944599,43.849206
3589,-79.190831,43.787494
3590,-79.114142,43.820127
3591,-78.90513,43.962738
3592,-78.909043,43.962037
3600,-78.909473,43.961779
3601,-78.914635,43.959762
3602,-78.913442,43.956693
3603,-78.904278,43.963141
3604,-78.914539,43.96031
3605,-78.913582,43.956586
3608,-78.894075,43.94666800000001
3617,-78.94370499999998,43.958227
3618,-78.945277,43.961855
3619,-78.94585499999998,43.953911
362,-78.9190382,43.9239959
3627,-78.96136799999998,43.955959
3628,-78.94713299999998,43.956227
3629,-78.94601,43.95373
363,-78.92178700704784,43.92340655801685
3633,-78.902719,43.963248
3635,-79.12059499999998,44.109315
3636,-78.830067,43.895486
3637,-78.844133,43.952059
364,-78.92679099999998,43.922224
365,-78.9308059,43.9212983
366,-78.937201,43.919855
367,-78.9417529,43.91891420000001
368,-78.9492709,43.91729680000001
369,-78.95299799999998,43.916453
370,-78.9592671,43.91508420000001
371,-78.966544,43.913312
372,-78.976445,43.910955
373,-78.9808378,43.9096849
374,-78.97723999999998,43.910527
375,-78.960565,43.914525
376,-78.958357,43.91501800000001
377,-78.95252,43.916349
378,-78.9468906,43.9175701
379,-78.943813,43.918238
380,-78.9406966,43.9188963
381,-78.9379152,43.9195199
382,-78.931424,43.92088900000001
383,-78.926841,43.921996
384,-78.921678,43.923214
385,-78.91737,43.92414
386,-78.902539,43.888886
387,-78.90900999999998,43.887427
388,-78.914145,43.886286
389,-78.917045,43.8856414
391,-78.92200099999998,43.884522
393,-78.929034,43.882884
394,-78.931932,43.882244
396,-78.936954,43.881084
398,-78.941772,43.879998
400,-78.946685,43.878878
401,-78.95152,43.877863
404,-78.9562584,43.8767817
405,-78.961433,43.875597
406,-78.963955,43.875049
410,-78.98098,43.87132
411,-78.987092,43.869986
412,-78.98701,43.869794
413,-78.98135,43.87107000000001
417,-78.96353499999998,43.87498
418,-78.9619208,43.8753204
419,-78.956299,43.876609
42,-78.935434,43.862229
422,-78.950632,43.877818
424,-78.946098,43.87885
425,-78.94241049999998,43.8797255
427,-78.938157,43.88066400000001
43,-78.938856,43.86147716
431,-78.93106899999998,43.88225
432,-78.928486,43.882846
434,-78.922742,43.884171
438,-78.903502,43.885654
439,-78.901627,43.88534700000001
441,-78.899482,43.880648
442,-78.898906,43.87938
445,-78.90375299999998,43.885687
446,-78.90648,43.884234
447,-78.909845,43.882875
448,-78.91251099999998,43.882509
449,-78.91447599999998,43.88398140000001
45,-78.949545,43.859114
450,-78.916718,43.885523
451,-78.911815,43.886613
452,-78.909422,43.887178
453,-78.903884,43.888373
454,-78.90711,43.907336
455,-78.910464,43.906573
456,-78.912914,43.905972
457,-78.916926,43.905041
458,-78.91971599999998,43.904395
459,-78.927091,43.90280400000001
460,-78.930008,43.90214933
461,-78.9353815,43.9009439
462,-78.939886,43.899906
464,-78.944604,43.898832
465,-78.95003,43.89741
467,-78.956033,43.89627
468,-78.95936399999998,43.895555
469,-78.964817,43.89427381
470,-78.978819,43.891112
471,-78.978273,43.891145
472,-78.96458,43.89412
473,-78.959856,43.895243
474,-78.95613126641868,43.89609699482188
476,-78.94953,43.89743
477,-78.944498,43.898728
480,-78.940539,43.899581
481,-78.9356953,43.9006827
482,-78.929591,43.902041
483,-78.926736,43.90268300000001
484,-78.92099,43.9039
485,-78.916718,43.904922
486,-78.9135536,43.9056983
487,-78.911489,43.906151
488,-78.9069581,43.9072446
490,-78.961822,43.951339
491,-78.962199,43.953127
492,-78.961218,43.95580300000001
497,-78.946403,43.956651
505,-78.94893399999998,43.968094
506,-78.9528905,43.9673515
507,-78.956391,43.967171
511,-78.9612058,43.95703060000001
512,-78.9653316,43.9569741
513,-78.9694672,43.9560241
514,-78.97358749999998,43.9550968
533,-78.945648,43.96218
535,-78.961834,43.950765
536,-78.892157,43.883049
537,-78.891938,43.8833
539,-78.890887,43.885866
541,-78.892334,43.889148
542,-78.8933631,43.8913759
543,-78.894577,43.89427409000001
544,-78.895259,43.895745
559,-78.895698,43.89628
560,-78.894515,43.89355735
561,-78.8936936,43.8915529
563,-78.891096,43.886025
565,-78.901066,43.908465
566,-78.896541,43.909431
567,-78.891435,43.910505
569,-78.886776,43.911558
57,-78.940748,43.851303
570,-78.883718,43.912237
571,-78.87504869999998,43.9141525
573,-78.8705428,43.9151538
574,-78.867671,43.915824
575,-78.864739,43.916479
576,-78.86071099999998,43.917332
577,-78.856553,43.918411
58,-78.945576,43.848198
581,-78.852082,43.919467
582,-78.84681,43.92071
583,-78.843256,43.92152
584,-78.841479,43.921583
585,-78.8401886,43.9223567
586,-78.843935,43.921478
587,-78.846996,43.920769
588,-78.850545,43.91992900000001
59,-78.94083999999998,43.851033
591,-78.854902,43.918907
592,-78.857043,43.9184
593,-78.859627,43.917737
594,-78.862066,43.917149
595,-78.864393,43.916682
596,-78.866933,43.916114
597,-78.87191799999998,43.915011
598,-78.87505779999998,43.9142915
599,-78.883143,43.912489
60,-78.94271,43.85644
600,-78.885572,43.91198
602,-78.89182099999998,43.910599
603,-78.89659899999998,43.909586
604,-78.90127099999998,43.908595
605,-78.871221,43.91553600000001
61,-78.94353,43.85839
63,-78.93984371488986,43.86111226967263
638,-78.83853,43.92317417000001
639,-78.839057,43.92584
64,-78.937137,43.861691
640,-78.838302,43.92727829
641,-78.836174,43.92773900000001
642,-78.834149,43.928737
643,-78.836078,43.933817
644,-78.83658,43.934956
645,-78.837565,43.93717
646,-78.838566,43.939427
647,-78.839225,43.94095
648,-78.840306,43.94367900000001
649,-78.8414887,43.9463599
650,-78.87128199999998,43.914802
652,-78.869478,43.91044473
654,-78.86736,43.90554102
655,-78.866169,43.903
657,-78.867222,43.90002900000001
659,-78.865958,43.897281
661,-78.863867,43.893237
663,-78.862638,43.890561
664,-78.859288,43.887996
665,-78.858189,43.885542
666,-78.857382,43.883745
667,-78.85623649999998,43.8810192
668,-78.85599499999998,43.88109588
669,-78.857287,43.88393400000001
670,-78.858134,43.885802
671,-78.859208,43.888214
672,-78.860193,43.890377
674,-78.86185999999998,43.894039
677,-78.86413,43.898769
678,-78.865075,43.90088592
679,-78.866139,43.903302
680,-78.867149,43.905794
682,-78.869386,43.9108
685,-78.873688,43.921189
687,-78.875722,43.92581100000001
689,-78.877303,43.92918800000001
691,-78.87949,43.93456900000001
693,-78.880577,43.936894
695,-78.884992,43.94030200000001
697,-78.892132,43.945336
698,-78.895505,43.943641
705,-78.89823,43.952855
706,-78.88919142270213,43.94308388677758
707,-78.88622547469654,43.94097195519895
710,-78.880108,43.93549500000001
711,-78.87899819,43.93236901
713,-78.877548,43.929238
714,-78.876283,43.926397
716,-78.873886,43.921148
719,-78.870727,43.902369
720,-78.866944,43.903236
721,-78.864226,43.904587
722,-78.859663,43.905681
724,-78.852306,43.90771
725,-78.848831,43.908797
729,-78.833889,43.913364
730,-78.831601,43.91376600000001
732,-78.82607,43.91408
743,-78.82981599999998,43.91399306000001
744,-78.832061,43.91383600000001
745,-78.83508999999998,43.91318900000001
746,-78.837002,43.912793
749,-78.848885,43.908884
750,-78.852635,43.907641
751,-78.85562299999998,43.906731
752,-78.859632,43.905788
753,-78.864441,43.90463900000001
754,-78.866193,43.90394
755,-78.870472,43.902554
7698,-79.187251,43.786768
773,-78.817411,43.91553300000001
774,-78.816214,43.91279500000001
775,-78.814468,43.90883
786,-78.813964,43.90814300000001
787,-78.816023,43.912786
799,-78.84174,43.946346
800,-78.84021,43.94284300000001
801,-78.83936199999998,43.94091
802,-78.83840499999998,43.93880915
803,-78.837723,43.937222
804,-78.83631699999998,43.934055
805,-78.834244,43.929324
806,-78.836264,43.92785527
807,-78.83848999999998,43.92730266
808,-78.83938999999998,43.92517
809,-78.8386276,43.9229815
810,-78.849628,43.940279
812,-78.848752,43.942102
815,-78.847847,43.94033300000001
817,-78.85074299999998,43.94750100000001
823,-78.850735,43.939344
824,-78.854926,43.9384
827,-78.865774,43.935955
828,-78.8685493,43.9354034
829,-78.883392,43.93202615
830,-78.887894,43.931005
831,-78.893897,43.9296729
832,-78.89779906,43.92879302
833,-78.902849,43.927623
834,-78.907938,43.9265
835,-78.912558,43.92524800000001
836,-78.907676,43.92635520000001
837,-78.902595,43.9274802
838,-78.89858982,43.92843734
839,-78.89459973333796,43.92931969336287
840,-78.888058,43.930783
841,-78.884417,43.93161
843,-78.86738099999998,43.935424
844,-78.865706,43.935787
846,-78.85835299999998,43.937445
847,-78.854571,43.938297
848,-78.85238699999998,43.938789
853,-78.885597,43.950158
854,-78.881227,43.95115100000001
855,-78.877706,43.951962
859,-78.869981,43.937122
861,-78.868973,43.934373
862,-78.868262,43.932714
863,-78.866915,43.929724
864,-78.865798,43.927268
865,-78.864766,43.92503569
866,-78.864075,43.923364
867,-78.863175,43.92128128
868,-78.861715,43.917545
869,-78.860639,43.91508300000001
870,-78.859886,43.913394
872,-78.856969,43.906697
879,-78.856466,43.906068
881,-78.85972599999998,43.913421
882,-78.860494,43.915191
883,-78.86149899999998,43.917753
884,-78.86217499999998,43.919499
885,-78.862948,43.92126249
886,-78.863791,43.92314600000001
887,-78.864607,43.925002
888,-78.865643,43.927335
889,-78.866347,43.928913
89,-78.941511,43.87103
892,-78.870106,43.93767900000001
896,-78.878549,43.95187700000001
897,-78.881159,43.951264
898,-78.88532,43.95035
90,-78.944504401,43.8703679
90007,-78.94369,43.860468
90014,-78.804159,43.876615
90015,-78.851395,43.877563
90016,-79.067939,43.84327300000001
90034,-78.69972199999998,43.930751
90035,-78.698374,43.927613
90038,-78.8507694,43.944594
90040,-78.8508273,43.9447913
90041,-78.852735,43.94435514
90042,-78.856035,43.944835
90043,-78.857899,43.94557611
90044,-78.862296,43.946166
90045,-78.86431399999998,43.94900213
90050,-78.872409,43.944435
90051,-78.8686743,43.9451727
90052,-78.866106,43.94571
90053,-78.865092,43.945539
90054,-78.862892,43.945316
90055,-78.860584,43.94023700000001
90056,-78.859533,43.937886
90057,-78.85862899999998,43.935634
90063,-78.849728,43.915302
90064,-78.849962,43.915645
90065,-78.8512777,43.9190034
90066,-78.851912,43.920439
90070,-78.861823,43.943005
90076,-78.894148,43.94634257
90078,-78.95004,43.9168969
90079,-78.844289,43.94630488
90080,-78.844471,43.9461252
90083,-78.857147,43.932287
90088,-78.9471226,43.9177648
91,-78.9479702,43.8696061
910,-78.868727,43.945257
91000,-79.020117,43.847692
911,-78.849298,43.93885
912,-78.84771499999998,43.935314
913,-78.84691599999998,43.933437
92003,-78.844845,43.88025819
92009,-79.056726,43.857407
92010,-79.0576403,43.859534
92011,-79.0590204,43.8627026
92012,-79.05982,43.8645756
92013,-79.061057,43.867394
92014,-79.061926,43.86935305
92016,-79.05884,43.87189
92017,-79.05276,43.87402
92018,-79.052967,43.87353682
92019,-79.052408,43.871963
92020,-79.0515815,43.8700233
92036,-79.050836,43.8683026
92037,-79.0503198,43.86707220000001
92038,-79.048446,43.86361
92041,-79.03210199999998,43.878759
92042,-79.03495599999998,43.878137
92043,-79.046574,43.884761
92047,-79.0269981,43.8333729
92054,-79.01441303999998,43.86054494
92059,-79.0227251,43.89575475
92061,-79.016244,43.89760600000001
92064,-79.028741,43.892717
92071,-79.01519546999998,43.86138006
92072,-79.0131049,43.8639584
92075,-79.01450543,43.85988205000001
92719,-78.843889,43.87784
93000,-78.827646,43.879227
93016,-79.05284,43.87414
93019,-79.13067599999998,44.093966
93020,-79.130985,44.094054
93024,-78.892506,43.88908
93026,-78.90291,43.96308
93027,-78.8461123,43.8916763
93028,-78.834452,43.861986
93031,-79.03862608999998,43.89090112
93035,-78.85475,43.91884000000001
93036,-78.85177539999998,43.94528721
93040,-78.962969,43.92999275
93041,-78.96275199999998,43.93034
93048,-79.06469787,43.85221471
93054,-78.8793725,43.8863306
93055,-79.05006016999998,43.89199751000001
93056,-79.05035663,43.89317982
93057,-79.04638522,43.8755334
93058,-78.94358167,43.8506919
93059,-78.94366388,43.85061079
93060,-79.131154,43.808712
93061,-79.132422,43.807572
93063,-79.13244958999998,44.09186165
93064,-78.8910235,43.9491175
93083,-78.97113899999998,43.91197
93091,-78.97245,43.90503
93092,-78.9747169,43.9091991
93101,-79.136049,43.82290900000001
93102,-78.95541799999998,44.093677
93106,-78.94311,44.10026
93111,-78.79465159999998,43.9094692
93112,-79.0851,43.832968
93115,-78.9446226,43.8600147
93121,-79.022762,43.85131100000001
93122,-79.02585999999998,43.85056
93123,-79.028733,43.8491309
93125,-79.01162189999998,43.89836540000001
93126,-79.0118366,43.8984647
93127,-79.0163395,43.897461
93128,-79.02289399999998,43.895826
93137,-79.0297218,43.895662
93138,-79.029968,43.8955183
93139,-79.042023,43.89463400000001
93140,-79.042096,43.895046
93141,-79.03853429999998,43.8911583
93142,-79.0376546,43.8885767
93143,-79.044178,43.87613300000001
93145,-79.017714,43.879163
93146,-79.01727099999998,43.87883
93147,-79.0177387,43.8711003
93148,-79.0177597,43.8704308
93149,-79.0176202,43.8671137
93150,-79.0171273,43.8666738
93151,-79.016129,43.86358
93152,-79.015986,43.86368800000001
93158,-78.98969099999998,43.850484
93159,-78.9937104,43.8495632
93160,-79.027818,43.890577
93161,-79.028651,43.89315689
93177,-78.849112,43.939112
93178,-78.86306,43.89651
93183,-78.844227,43.88834
93185,-78.921216,43.906341
93186,-78.92209579999998,43.9084673
93188,-78.891874,43.88768000000001
93189,-78.821307,43.880828
93191,-79.07550836999998,43.85004333
93192,-79.08969999999998,43.839231
93193,-79.073586,43.843305
93194,-79.0739061,43.8422129
93195,-79.073091,43.83966433
93196,-79.0771218,43.8374808
93197,-79.079469,43.836377
93208,-79.14252,43.830949
93216,-79.115736,43.819415
93217,-79.115326,43.81854417000001
93218,-79.1114637,43.8118895
93219,-79.1119982,43.81194
93222,-79.10702,43.812872
93224,-79.102832,43.813811
93227,-79.14547,43.79915600000001
93228,-79.145054,43.825384
93231,-79.142003,43.827685
93232,-79.142123,43.82773000000001
93234,-79.08085199999998,43.821475
93235,-79.078981,43.821887
93236,-78.85589,43.906513
93240,-79.145701,43.79950800000001
93242,-78.90715299999998,43.873205
93243,-78.89472,43.85995852
93246,-78.87405,43.85485
93247,-78.90604,43.88431645
93248,-78.910251,43.882694
93249,-78.91435,43.88349500000001
93254,-79.0151977,43.8634583
93255,-79.1639,43.7923
93257,-78.885968,43.874044
932581,-78.9559276,43.8872229
93259,-79.16329399999998,43.792626
932611,-78.95349968249509,43.88171642694865
932621,-78.959282,43.894916
93276,-78.878626,43.876345
932771,-78.91207989,43.88238126
93293,-78.798693,43.891066
93301,-78.79482,43.89756
93305,-78.790222,43.9029456
93306,-78.788302,43.90479976000001
93307,-78.7866448,43.9060993
93321,-79.141957,43.829695
93322,-79.14212,43.829703
93323,-78.778853,43.914284
93324,-78.77997,43.91644200000001
93325,-78.779658,43.916109
93326,-78.781595,43.920355
93327,-78.781676,43.920052
93328,-78.78806899999998,43.92032600000001
93329,-78.787834,43.92021600000001
93330,-78.790942,43.919621
93338,-78.788656,43.911656
93347,-78.80528099999998,43.887704
93348,-78.806272,43.886887
93349,-78.81067299999998,43.887969
93350,-78.814294,43.88987800000001
93353,-78.86148,43.955816
93354,-78.861844,43.955617
93355,-78.866753,43.953884
93356,-78.866713,43.954223
93357,-78.862774,43.9454436
93358,-78.86470199999998,43.94918809
93359,-78.86174,43.943242
93360,-78.860169,43.939709
93361,-78.85898,43.936911
93362,-78.857028,43.932443
93365,-78.845218,43.929665
93366,-78.844825,43.92924
93367,-78.844483,43.928091
93368,-78.84414599999998,43.92776
93369,-78.841933,43.922688
93370,-78.84209,43.922125
93376,-78.887003,43.90107504
93377,-78.875818,43.90133500000001
93379,-78.880768,43.900141
93387,-79.08868099999998,43.858568
93388,-79.089555,43.859848
93389,-79.084541,43.86040400000001
93402,-79.13275,43.82569
93403,-79.135777,43.823157
93404,-79.138448,43.821185
93414,-79.125989,43.828088
93415,-79.134513,43.83702000000001
93416,-79.134109,43.83725
93420,-79.124213,43.839284
93421,-79.138737,43.822599
93424,-78.8563396,43.94497350000001
93425,-78.8514735,43.9437266
93426,-78.872175,43.944385
93429,-78.88614699999998,43.89911137
93432,-78.840044,43.91756800000001
93433,-78.924243,43.888622
93434,-78.924559,43.88873825000001
93435,-79.08071,43.858381
93439,-78.885693,43.898086
93441,-79.081998,43.864641
93442,-79.081702,43.864696
93450,-79.089201,43.833656
93453,-78.842742,43.924544
93454,-78.843164,43.92509600000001
93455,-78.88820699999998,43.903822
93457,-79.07961,43.85994
93458,-79.07955,43.85912
93459,-78.879187,43.85915911
93460,-78.879086,43.85911722
93461,-78.878845,43.85471414
93462,-78.878558,43.85448188
93463,-78.8863301,43.8617546
93464,-78.881491,43.863046
93465,-78.881117,43.86294500000001
93466,-78.805747,43.888891
93469,-78.713055,43.913733
93472,-78.587591,43.91462
93482,-78.9578328,43.9668955
93484,-78.951755,43.967258
93485,-78.9488879,43.9679088
93491,-78.98639,43.84361
93493,-78.86329499999998,43.945803
93496,-79.065713,43.828737
93497,-79.062901,43.825056
93498,-79.06062799999998,43.82558800000001
93499,-79.056838,43.826442
93500,-79.054408,43.82698100000001
93501,-79.053242,43.824718
93502,-79.051934,43.821685
93504,-79.057412,43.81876900000001
93506,-79.059768,43.815712
93509,-79.072332,43.819466
93511,-79.0759742,43.8241576
93512,-79.0792351,43.8219172
93519,-79.0652288,43.8144291
93521,-78.883283,43.899535
93527,-78.885536,43.86224717000001
93532,-78.615001,43.971806
93533,-78.612009,43.964867
93534,-78.794723,43.89786363000001
93536,-78.792329,43.901355
93537,-78.791802,43.900483
93542,-79.09007,43.835851
93551,-78.884573,43.89565665
93552,-78.832565,43.90136600000001
93553,-78.936407,43.95900300000001
93554,-78.953388,43.858353
93555,-78.973499,43.85395
93556,-78.979746,43.852679
93557,-78.97930599999998,43.852479
93558,-78.974109,43.853654
93559,-78.9532997,43.8581551
93562,-78.8795994,43.9562646
93564,-78.884259,43.955218
93568,-78.892605,43.956057
93580,-79.117902,43.874871
93582,-79.11385,43.871065
93595,-79.02741730050283,43.84649252894414
93596,-79.02777620444002,43.8466257837757
93597,-78.832502,43.87798200000001
93598,-78.829054,43.878892
93599,-79.086556,43.82672
936031,-78.97824933459268,43.88046686853903
93608,-78.983372,43.88980200000001
93609,-78.984482,43.889813
93610,-78.972246,43.89277
93611,-78.972611,43.892561
93622,-79.019197,43.845427
93700,-78.853953,43.900361
93704,-79.125063,44.10964400000001
93705,-78.715382,43.90931
93706,-79.02106152102711,43.84728002631663
93707,-78.866602,43.877851
93708,-78.86810699999998,43.877762
93710,-78.853139,43.898724
93711,-78.851457,43.895036
93712,-78.849532,43.890786
93713,-78.853486,43.898959
93714,-78.85178,43.89525600000001
93715,-78.849841,43.891023
93718,-78.855132,43.902586
93720,-78.706862,43.908273
93721,-78.777044,43.9121115
93724,-78.756297,43.9144556
93725,-78.756069,43.9138579
93726,-78.745721,43.9140712
93727,-78.745863,43.9136054
93728,-78.734177,43.9126438
93729,-78.735274,43.9123477
93730,-78.72386,43.9107906
93731,-78.723765,43.91044930000001
93732,-78.70954,43.9054377
93733,-78.70230599999998,43.9109185
93734,-78.701406,43.9116381
93735,-78.91789199999998,43.923381
93736,-78.91632199999998,43.919757
93737,-78.915265,43.917454
93738,-78.918736,43.915641
93739,-78.921612,43.91477900000001
93740,-79.122934,44.108695
93747,-78.971771,43.873089
93749,-78.970969,43.873682
93765,-78.84746939310502,43.88649853166958
93801,-78.701053,43.933913
93810,-78.711204,43.936771
939,-78.867462,43.85629200000001
93937,-78.89825264,43.95228111
93944,-79.122716,43.839422
93969,-79.170563,43.80852500000001
93993,-79.23197399999998,43.783468
93994,-79.234801,43.781656
93997,-79.250532,43.775976
93998,-79.258755,43.77431700000001
93999,-79.252857,43.776643
94002,-79.24343282725708,43.78017420754376
94006,-79.233259,43.781933
94007,-79.231618,43.783526
94009,-79.23394999999998,43.789947
9401,-78.8671087,43.85653
94029,-79.16992219791265,43.80845909723183
94037,-78.789545,43.913854
94038,-78.790964,43.917206
94039,-78.791855,43.919116
94040,-78.791102,43.917123
94041,-78.789765,43.914181
94042,-78.788622,43.9112
94048,-78.844517,43.952296
94049,-78.87615,43.952552
940501,-78.87719948260465,43.95345187
94051,-78.878843,43.956148
94052,-78.88407,43.95511
94054,-79.2444,43.78018
94059,-78.97844,43.89052
94060,-78.973695,43.889751
94061,-78.971264,43.889924
94062,-78.969356,43.888161
94063,-78.968639,43.885318
94064,-78.96784,43.88422400000001
94066,-79.19394,43.78888
94067,-79.19309199999998,43.785544
94070,-78.8479,43.88665000000001
94079,-79.094419,43.84532500000001
94080,-79.085389,43.848572
94081,-79.087286,43.85717000000001
94082,-79.08292899999998,43.868608
94083,-79.083181,43.867969
94084,-79.085571,43.874896
94085,-79.088856,43.879619
94086,-79.087567,43.857079
940881,-79.021702,43.834981
94089,-79.027482,43.833128
94090,-79.032704,43.832102
94091,-78.890673,43.89807600000001
94092,-78.891092,43.89786500000001
94093,-78.937482,43.958574
94094,-78.942081,43.957557
94095,-79.094491,43.844825
94096,-78.886166,43.89873200000001
94097,-78.881242,43.899898
94098,-78.876259,43.90105
94099,-78.885722,43.899015
941,-78.877266,43.879998
94100,-79.12018,43.829
94101,-78.991035,43.90754
94102,-78.991807,43.907115
94105,-78.95963,43.94436000000001
94107,-78.965508,43.957026
94108,-78.969778,43.956074
94109,-78.972343,43.955498
94111,-78.97233799999998,43.96210700000001
94112,-78.96767699999998,43.962238
94115,-78.9102,43.95367
94125,-79.08561,43.83272
94126,-78.680541,43.910968
94128,-78.70322899999998,43.937716
94129,-78.701693,43.934469
94130,-78.707358,43.909904
94131,-78.692533,43.913996
94132,-78.693467,43.916935
94133,-78.695243,43.921037
94134,-78.697377,43.925778
94135,-78.698014,43.92721
94136,-78.699653,43.930879
94138,-78.690382,43.9336
94139,-78.687673,43.930353
94140,-78.68607,43.930813
94141,-78.681037,43.932234
94142,-78.677319,43.928678
94143,-78.675549,43.92479500000001
94144,-78.673993,43.921414
94145,-78.676874,43.919858
94146,-78.68347799999998,43.917681
94147,-78.68187399999998,43.914013
94148,-78.819526,43.916446
94149,-78.818197,43.916608
94150,-78.82482,43.91442
94151,-78.86271,43.88991
94154,-78.79788,43.89319
94155,-78.797909,43.893629
941561,-79.062990334321,43.84698196755844
941571,-79.0633417037042,43.84735143467752
941581,-79.06517901687988,43.8514096192947
94159,-78.81341999999998,43.89826
94160,-78.81287,43.89858000000001
94161,-78.99907,43.82911
94162,-78.8056,43.8889
94163,-78.8115,43.90250000000001
94164,-78.81309,43.90617000000001
94165,-78.81234,43.90441
94166,-78.8105,43.9002
94167,-78.81161,43.90231
94168,-78.81365,43.90677
94169,-78.81238,43.90409
94170,-78.81064,43.90005
94174,-78.93509,43.91157
94175,-78.93857,43.90983
94176,-78.94091,43.90666
94177,-78.93749,43.89478
94178,-78.93684,43.89468
94179,-78.93021,43.89422
94180,-78.929653,43.894618
94183,-78.91947,43.87736000000001
94184,-78.91967,43.87747
94188,-78.878746,43.932763
94189,-78.89219799999998,43.945083
94191,-78.920609,43.905014
94194,-78.846137,43.945712
94195,-78.846577,43.945809
94198,-78.8995,43.94732
94199,-78.900019,43.94703
942,-78.879867,43.88574400000001
94200,-78.927378,43.91964
94201,-78.924996,43.914213
94210,-78.895029,43.948164
94211,-78.897454,43.947863
94213,-78.948986,43.870916
94214,-78.950973,43.875489
94216,-79.255099,43.774202
94217,-78.971618,43.903411
94218,-78.970565,43.900967
94219,-78.970089,43.89899
94220,-78.967311,43.896271
94221,-78.965899,43.894248
94223,-78.951239,43.875683
94224,-78.949746,43.872021
94225,-78.947512,43.869621
94226,-78.580493,43.917041
94227,-78.582741,43.919042
94229,-78.666988,43.903226
94230,-78.666437,43.903224
94231,-78.675124,43.901265
94232,-79.008041,43.897822
94233,-79.19938,43.800447
94234,-79.21631600435,43.79567
94235,-79.23035,43.79112700000001
94236,-79.215841,43.795607
94237,-79.199407,43.800134
94238,-78.906742,43.873245
94241,-78.588771,43.917215
94242,-79.25296,43.775294
94245,-79.12952,43.82657
94247,-78.925171,43.941682
94248,-78.925415,43.941728
94249,-78.856854,43.9565
94250,-78.857071,43.956196
94251,-79.14524,43.82038
94254,-79.025151,43.829124
94255,-79.017295,43.830815
94260,-78.992901,43.83038
94262,-78.84512281,43.94069561
94263,-79.018779,43.843818
94264,-78.839898,43.941505
94265,-78.839279,43.941894
94266,-78.830505,43.943927
94267,-78.830057,43.944773
94268,-78.835685,43.957312
94269,-78.836065,43.957856
94270,-79.11048,44.11026
94271,-78.8505766073314,43.9584248056271
94272,-78.8474985254163,43.95897397115791
94273,-79.2519258973932,43.77474773123638
942741,-78.98122256,43.88402578
942751,-78.97937537707055,43.88125065916917
942761,-78.90042774106978,43.96380036921115
942771,-78.89408279340002,43.96528150752407
942781,-78.8999691001511,43.96413464002297
942791,-78.95355749,43.88144311
942801,-78.95636797,43.88776596000001
942811,-78.98204954292817,43.88528936354401
942821,-79.03083625,43.82013112
942831,-79.02036100759061,43.82006930615894
942841,-79.02533,43.8229
942851,-79.0260696,43.82591917
942861,-79.10306489981149,43.83999143669358
942871,-79.1034720881064,43.84048520330316
942881,-79.1054951,43.84321295
942891,-79.02475559,43.84223144
942911,-79.02614314,43.82615108
942921,-79.02610127,43.82344489
942931,-79.02480025,43.82901300000001
942961,-79.03077268725127,43.82025856425799
942971,-79.032247,43.8289
944,-78.881804,43.88983507
9473,-79.188152,43.7866837
952,-78.889543,43.90700600000001
953,-78.883644,43.893374
955,-78.882155,43.89017014
958,-78.880117,43.8854908
959,-78.877979,43.88086100000001
963,-78.85776,43.859104
970,-78.857453,43.85932600000001
973,-78.874097,43.85493300000001
984,-78.85286,43.857059
985,-78.855793,43.856405
987,-78.8492,43.864875
988,-78.850005,43.867212
989,-78.851091,43.86968
990,-78.853995,43.868657
991,-78.853571,43.867666
992,-78.8526593,43.86448
993,-78.85359099999998,43.862572
994,-78.85287099999998,43.86046419
995,-78.852973,43.86114517
996,-78.853452,43.862763
997,-78.852459,43.864934
998,-78.853952,43.868849
999,-78.854489,43.87028394
205,-78.947226,43.89159
2737_merged_943032,-78.94839,44.9153
3278_merged_943033,-78.67878,43.90737
3515_merged_943034,-79.143338,43.832899
826,-78.861025,43.936993
94110_merged_943035,-78.97733,43.9609
94187,-78.879221,43.933393
94228,-78.585761,43.918275
942581,-79.00319,43.83092
94261_merged_943036,-78.8451387554087,43.94068872022612
94290_merged_943037,-79.006173,43.832027
942941_merged_943038,-79.13157602,43.8567068
942951_merged_943039,-79.1315906,43.85673169
942991,-78.6911738941678,43.8979389485016
943001,-78.7086273836003,43.9014706787916
943011,-79.0357858164005,43.8857924166106
943021,-79.0354632856262,43.8854916869003
943031,-78.7100851889842,43.9048372717572
2737_merged_943040,-78.94854315381939,44.09113509663517
3278_merged_943041,-78.677904,43.9054
3515_merged_943042,-79.14419,43.83467000000001
94110_merged_943043,-78.97733,43.9609
94261_merged_943044,-78.84564047,43.94038272
94290_merged_943045,-79.00176,43.83043
942941_merged_943046,-79.13153,43.85661000000001
942951_merged_943047,-79.1317,43.85653
1391,-78.585761,43.918275
3029,-79.038196,43.858316
3244,-78.708095,43.900276
825,-78.858528,43.93758900000001
94181,-78.91746,43.87295000000001
94182,-78.91785,43.87335
94258,-79.00319,43.83092
